Company,Trade,Target_Role,Contact_Name,Domain,Inferred_Email,Reference_Address,Project_Cost,GC_Name
Continental Electrical Construction Co,Commercial Electrical & Power Distribution,Chief Estimator,Mark Kowalski,cecco.com,mkowalski@cecco.com,"1300 N NORTH BRANCH ST, CHICAGO, IL","$9,965,000.00",ACCEND CONSTRUCTION LLC
Hill Mechanical Group,Commercial HVAC & Mechanical Systems,VP of Preconstruction,David Miller,hillgrp.com,dmiller@hillgrp.com,"211 E CHICAGO AVE, CHICAGO, IL","$3,500,000.00","POWER CONSTRUCTION COMPANY, LLC"
Gibson Electric & Technology Solutions,Commercial Electrical & Low Voltage,Director of Estimating,Robert Hayes,gibsonelectric.com,rhayes@gibsonelectric.com,"3909 N ASHLAND AVE, CHICAGO, IL","$2,400,000.00",COEN DEVELOPERS LLC
Anning-Johnson Company,"Drywall, Acoustical & Commercial Framing",Chief Estimator,Thomas Bradley,anningjohnson.com,tbradley@anningjohnson.com,"1334 W GRAND AVE, CHICAGO, IL","$2,359,444.00",BM INTERNATIONAL BUILDERS INC
"AMS Mechanical Systems, Inc.",Commercial HVAC & Piping Systems,Director of Estimating,Kevin Pultz,ams-pmt.com,kevin.pultz@ams-pmt.com,"141 W JACKSON BLVD, CHICAGO, IL","$1,700,000.00",JC ANDERSON INC
Great Lakes Plumbing & Heating Co.,Commercial Plumbing & Process Piping,Chief Estimator,Michael Sullivan,glp-h.com,msullivan@glp-h.com,"444 W LAKE ST, CHICAGO, IL","$1,610,000.00",SKENDER CONSTRUCTION LLC
Kelso-Burnett Co.,Commercial Electrical & Systems Integration,VP of Estimating,Brian Reynolds,kelso-burnett.com,breynolds@kelso-burnett.com,"1725 W HARRISON ST, CHICAGO, IL","$1,487,500.00",REED CONSTRUCTION LLC
"Parenti & Raffaelli, Ltd.",Architectural Millwork & Interior Finish-out,Director of Preconstruction,Anthony Parenti,parenti.com,aparenti@parenti.com,"333 W WACKER DR, CHICAGO, IL","$1,313,800.00",LEOPARDO CONSTRUCTION INC
"F.E. Moran, Inc.",Commercial Mechanical & Fire Protection,VP of Preconstruction,Daniel Moran,femoran.com,dmoran@femoran.com,"917 W FLETCHER ST, CHICAGO, IL","$1,200,000.00",PROMISED LAND DEVELOPMENT
Kroeschell Inc.,Commercial HVAC & Facility Engineering,Director of Mechanical Estimating,James Hoffman,kroeschell.com,jhoffman@kroeschell.com,"550 W 119TH ST, CHICAGO, IL","$1,200,000.00",IMAGE CONSTRUCTION GROUP INC
All-Tech Decorating Co.,Commercial Wall Coverings & Specialized Finishes,Chief Estimator,Richard Clark,alltechdecorating.com,rclark@alltechdecorating.com,"1229 W CORTLAND ST, CHICAGO, IL","$1,000,000.00","ELEMENTS GROUP CONSTRUCTION, LLC"
"Murphy & Miller, Inc.",Commercial HVAC & Chiller Systems,VP of Commercial Estimating,Patrick Miller,murphymiller.com,pmiller@murphymiller.com,"8725 W HIGGINS RD, CHICAGO, IL","$825,000.00",JC ANDERSON INC
Jamerson & Bauwens Electrical,Critical Power & Healthcare Electrical,Director of Preconstruction,Kenneth Bauwens,jbelectric.com,kbauwens@jbelectric.com,"2628 S STATE ST, CHICAGO, IL","$800,000.00",LR CONTRACTING COMPANY
Commercial Light Company,Commercial Electrical & Lighting Distribution,Chief Estimator,Gregory Walsh,commlight.com,gwalsh@commlight.com,"2119 W SUPERIOR ST, CHICAGO, IL","$750,000.00",FINISH HVAC INC
Atomatic Mechanical Services,Commercial Mechanical & Building Automation,Director of Commercial Estimating,Steven Adams,atomatic.com,sadams@atomatic.com,"400 N ABERDEEN ST, CHICAGO, IL","$750,000.00",SKENDER CONSTRUCTION LLC
