Company,Trade,Industry_Segment,Domain,Reference_Address,Project_Valuation,Awarded_GC
Continental Electrical Construction Co,Commercial Electrical & Power Distribution,Critical Infrastructure & Commercial Power,cecco.com,"1300 N NORTH BRANCH ST, CHICAGO, IL","$9,965,000.00",ACCEND CONSTRUCTION LLC
Hill Mechanical Group,Commercial HVAC & Mechanical Systems,Large-Scale Mechanical & Central Plant,hillgrp.com,"211 E CHICAGO AVE, CHICAGO, IL","$3,500,000.00","POWER CONSTRUCTION COMPANY, LLC"
Gibson Electric & Technology Solutions,Commercial Electrical & Low Voltage,Commercial Tenant Technology & Electrical,gibsonelectric.com,"3909 N ASHLAND AVE, CHICAGO, IL","$2,400,000.00",COEN DEVELOPERS LLC
Anning-Johnson Company,"Drywall, Acoustical & Commercial Framing",Architectural Ceilings & Structural Drywall,anningjohnson.com,"1334 W GRAND AVE, CHICAGO, IL","$2,359,444.00",BM INTERNATIONAL BUILDERS INC
"AMS Mechanical Systems, Inc.",Commercial HVAC & Piping Systems,Industrial Piping & Commercial Mechanical,ams-pmt.com,"141 W JACKSON BLVD, CHICAGO, IL","$1,700,000.00",JC ANDERSON INC
Great Lakes Plumbing & Heating Co.,Commercial Plumbing & Process Piping,Commercial Sanitization & Plumbing Distribution,glp-h.com,"444 W LAKE ST, CHICAGO, IL","$1,610,000.00",SKENDER CONSTRUCTION LLC
Kelso-Burnett Co.,Commercial Electrical & Systems Integration,Electrical Infrastructure & Building Automation,kelso-burnett.com,"1725 W HARRISON ST, CHICAGO, IL","$1,487,500.00",REED CONSTRUCTION LLC
"Parenti & Raffaelli, Ltd.",Architectural Millwork & Interior Finish-out,High-End Corporate Architectural Millwork,parenti.com,"333 W WACKER DR, CHICAGO, IL","$1,313,800.00",LEOPARDO CONSTRUCTION INC
"F.E. Moran, Inc.",Commercial Mechanical & Fire Protection,Integrated Fire Protection & Commercial HVAC,femoran.com,"917 W FLETCHER ST, CHICAGO, IL","$1,200,000.00",PROMISED LAND DEVELOPMENT
Kroeschell Inc.,Commercial HVAC & Facility Engineering,Healthcare & Institutional Facility Mechanical,kroeschell.com,"550 W 119TH ST, CHICAGO, IL","$1,200,000.00",IMAGE CONSTRUCTION GROUP INC
All-Tech Decorating Co.,Commercial Wall Coverings & Specialized Finishes,Commercial Interior Coatings & Wall Systems,alltechdecorating.com,"1229 W CORTLAND ST, CHICAGO, IL","$1,000,000.00","ELEMENTS GROUP CONSTRUCTION, LLC"
"Murphy & Miller, Inc.",Commercial HVAC & Chiller Systems,Commercial Refrigeration & Environmental Systems,murphymiller.com,"8725 W HIGGINS RD, CHICAGO, IL","$825,000.00",JC ANDERSON INC
Jamerson & Bauwens Electrical,Critical Power & Healthcare Electrical,High-Reliability Hospital & Emergency Power,jbelectric.com,"2628 S STATE ST, CHICAGO, IL","$800,000.00",LR CONTRACTING COMPANY
Commercial Light Company,Commercial Electrical & Lighting Distribution,Commercial Lighting Controls & Distribution,commlight.com,"2119 W SUPERIOR ST, CHICAGO, IL","$750,000.00",FINISH HVAC INC
Atomatic Mechanical Services,Commercial Mechanical & Building Automation,Energy Management & Mechanical Retrofits,atomatic.com,"400 N ABERDEEN ST, CHICAGO, IL","$750,000.00",SKENDER CONSTRUCTION LLC
